index,name,type1,type2,region
1,フシギダネ,くさ,どく,カントー
2,フシギソウ,くさ,どく,カントー
3,フシギバナ,くさ,どく,カントー
4,ヒトカゲ,ほのお,0,カントー
5,リザード,ほのお,0,カントー
6,リザードン,ほのお,ひこう,カントー
7,ゼニガメ,みず,0,カントー
8,カメール,みず,0,カントー
9,カメックス,みず,0,カントー
10,キャタピー,むし,0,カントー
11,トランセル,むし,0,カントー
12,バタフリー,むし,ひこう,カントー
13,ビードル,むし,どく,カントー
14,コクーン,むし,どく,カントー
15,スピアー,むし,どく,カントー
16,ポッポ,ノーマル,ひこう,カントー
17,ピジョン,ノーマル,ひこう,カントー
18,ピジョット,ノーマル,ひこう,カントー
19,コラッタ,ノーマル,0,カントー
20,ラッタ,ノーマル,0,カントー
21,オニスズメ,ノーマル,ひこう,カントー
22,オニドリル,ノーマル,ひこう,カントー
23,アーボ,どく,0,カントー
24,アーボック,どく,0,カントー
25,ピカチュウ,でんき,0,カントー
26,ライチュウ,でんき,0,カントー
27,サンド,じめん,0,カントー
28,サンドパン,じめん,0,カントー
29,ニドラン♀,どく,0,カントー
30,ニドリーナ,どく,0,カントー
31,ニドクイン,どく,じめん,カントー
32,ニドラン♂,どく,0,カントー
33,ニドリーノ,どく,0,カントー
34,ニドキング,どく,じめん,カントー
35,ピッピ,フェアリー,0,カントー
36,ピクシー,フェアリー,0,カントー
37,ロコン,ほのお,0,カントー
38,キュウコン,ほのお,0,カントー
39,プリン,ノーマル,フェアリー,カントー
40,プクリン,ノーマル,フェアリー,カントー
41,ズバット,どく,ひこう,カントー
42,ゴルバット,どく,ひこう,カントー
43,ナゾノクサ,くさ,どく,カントー
44,クサイハナ,くさ,どく,カントー
45,ラフレシア,くさ,どく,カントー
46,パラス,むし,くさ,カントー
47,パラセクト,むし,くさ,カントー
48,コンパン,むし,どく,カントー
49,モルフォン,むし,どく,カントー
50,ディグダ,じめん,0,カントー
51,ダグトリオ,じめん,0,カントー
52,ニャース,ノーマル,0,カントー
53,ペルシアン,ノーマル,0,カントー
54,コダック,みず,0,カントー
55,ゴルダック,みず,0,カントー
56,マンキー,かくとう,0,カントー
57,オコリザル,かくとう,0,カントー
58,ガーディ,ほのお,0,カントー
59,ウインディ,ほのお,0,カントー
60,ニョロモ,みず,0,カントー
61,ニョロゾ,みず,0,カントー
62,ニョロボン,みず,かくとう,カントー
63,ケーシィ,エスパー,0,カントー
64,ユンゲラー,エスパー,0,カントー
65,フーディン,エスパー,0,カントー
66,ワンリキー,かくとう,0,カントー
67,ゴーリキー,かくとう,0,カントー
68,カイリキー,かくとう,0,カントー
69,マダツボミ,くさ,どく,カントー
70,ウツドン,くさ,どく,カントー
71,ウツボット,くさ,どく,カントー
72,メノクラゲ,みず,どく,カントー
73,ドククラゲ,みず,どく,カントー
74,イシツブテ,いわ,じめん,カントー
75,ゴローン,いわ,じめん,カントー
76,ゴローニャ,いわ,じめん,カントー
77,ポニータ,ほのお,0,カントー
78,ギャロップ,ほのお,0,カントー
79,ヤドン,みず,エスパー,カントー
80,ヤドラン,みず,エスパー,カントー
81,コイル,でんき,はがね,カントー
82,レアコイル,でんき,はがね,カントー
83,カモネギ,ノーマル,ひこう,カントー
84,ドードー,ノーマル,ひこう,カントー
85,ドードリオ,ノーマル,ひこう,カントー
86,パウワウ,みず,0,カントー
87,ジュゴン,みず,こおり,カントー
88,ベトベター,どく,0,カントー
89,ベトベトン,どく,0,カントー
90,シェルダー,みず,0,カントー
91,パルシェン,みず,こおり,カントー
92,ゴース,ゴースト,どく,カントー
93,ゴースト,ゴースト,どく,カントー
94,ゲンガー,ゴースト,どく,カントー
95,イワーク,いわ,じめん,カントー
96,スリープ,エスパー,0,カントー
97,スリーパー,エスパー,0,カントー
98,クラブ,みず,0,カントー
99,キングラー,みず,0,カントー
100,ビリリダマ,でんき,0,カントー
101,マルマイン,でんき,0,カントー
102,タマタマ,くさ,エスパー,カントー
103,ナッシー,くさ,エスパー,カントー
104,カラカラ,じめん,0,カントー
105,ガラガラ,じめん,0,カントー
106,サワムラー,かくとう,0,カントー
107,エビワラー,かくとう,0,カントー
108,ベロリンガ,ノーマル,0,カントー
109,ドガース,どく,0,カントー
110,マタドガス,どく,0,カントー
111,サイホーン,じめん,いわ,カントー
112,サイドン,じめん,いわ,カントー
113,ラッキー,ノーマル,0,カントー
114,モンジャラ,くさ,0,カントー
115,ガルーラ,ノーマル,0,カントー
116,タッツー,みず,0,カントー
117,シードラ,みず,0,カントー
118,トサキント,みず,0,カントー
119,アズマオウ,みず,0,カントー
120,ヒトデマン,みず,0,カントー
121,スターミー,みず,エスパー,カントー
122,バリヤード,エスパー,フェアリー,カントー
123,ストライク,むし,ひこう,カントー
124,ルージュラ,こおり,エスパー,カントー
125,エレブー,でんき,0,カントー
126,ブーバー,ほのお,0,カントー
127,カイロス,むし,0,カントー
128,ケンタロス,ノーマル,0,カントー
129,コイキング,みず,0,カントー
130,ギャラドス,みず,ひこう,カントー
131,ラプラス,みず,こおり,カントー
132,メタモン,ノーマル,0,カントー
133,イーブイ,ノーマル,0,カントー
134,シャワーズ,みず,0,カントー
135,サンダース,でんき,0,カントー
136,ブースター,ほのお,0,カントー
137,ポリゴン,ノーマル,0,カントー
138,オムナイト,いわ,みず,カントー
139,オムスター,いわ,みず,カントー
140,カブト,いわ,みず,カントー
141,カブトプス,いわ,みず,カントー
142,プテラ,いわ,ひこう,カントー
143,カビゴン,ノーマル,0,カントー
144,フリーザー,こおり,ひこう,カントー
145,サンダー,でんき,ひこう,カントー
146,ファイヤー,ほのお,ひこう,カントー
147,ミニリュウ,ドラゴン,0,カントー
148,ハクリュー,ドラゴン,0,カントー
149,カイリュー,ドラゴン,ひこう,カントー
150,ミュウツー,エスパー,0,カントー
151,ミュウ,エスパー,0,カントー
152,チコリータ,くさ,0,ジョウト
153,ベイリーフ,くさ,0,ジョウト
154,メガニウム,くさ,0,ジョウト
155,ヒノアラシ,ほのお,0,ジョウト
156,マグマラシ,ほのお,0,ジョウト
157,バクフーン,ほのお,0,ジョウト
158,ワニノコ,みず,0,ジョウト
159,アリゲイツ,みず,0,ジョウト
160,オーダイル,みず,0,ジョウト
161,オタチ,ノーマル,0,ジョウト
162,オオタチ,ノーマル,0,ジョウト
163,ホーホー,ノーマル,ひこう,ジョウト
164,ヨルノズク,ノーマル,ひこう,ジョウト
165,レディバ,むし,ひこう,ジョウト
166,レディアン,むし,ひこう,ジョウト
167,イトマル,むし,どく,ジョウト
168,アリアドス,むし,どく,ジョウト
169,クロバット,どく,ひこう,ジョウト
170,チョンチー,みず,でんき,ジョウト
171,ランターン,みず,でんき,ジョウト
172,ピチュー,でんき,0,ジョウト
173,ピィ,フェアリー,0,ジョウト
174,ププリン,ノーマル,フェアリー,ジョウト
175,トゲピー,フェアリー,0,ジョウト
176,トゲチック,フェアリー,ひこう,ジョウト
177,ネイティ,エスパー,ひこう,ジョウト
178,ネイティオ,エスパー,ひこう,ジョウト
179,メリープ,でんき,0,ジョウト
180,モココ,でんき,0,ジョウト
181,デンリュウ,でんき,0,ジョウト
182,キレイハナ,くさ,0,ジョウト
183,マリル,みず,フェアリー,ジョウト
184,マリルリ,みず,フェアリー,ジョウト
185,ウソッキー,いわ,0,ジョウト
186,ニョロトノ,みず,0,ジョウト
187,ハネッコ,くさ,ひこう,ジョウト
188,ポポッコ,くさ,ひこう,ジョウト
189,ワタッコ,くさ,ひこう,ジョウト
190,エイパム,ノーマル,0,ジョウト
191,ヒマナッツ,くさ,0,ジョウト
192,キマワリ,くさ,0,ジョウト
193,ヤンヤンマ,むし,ひこう,ジョウト
194,ウパー,みず,じめん,ジョウト
195,ヌオー,みず,じめん,ジョウト
196,エーフィ,エスパー,0,ジョウト
197,ブラッキー,あく,0,ジョウト
198,ヤミカラス,あく,ひこう,ジョウト
199,ヤドキング,みず,エスパー,ジョウト
200,ムウマ,ゴースト,0,ジョウト
201,アンノーン,エスパー,0,ジョウト
202,ソーナンス,エスパー,0,ジョウト
203,キリンリキ,ノーマル,エスパー,ジョウト
204,クヌギダマ,むし,0,ジョウト
205,フォレトス,むし,はがね,ジョウト
206,ノコッチ,ノーマル,0,ジョウト
207,グライガー,じめん,ひこう,ジョウト
208,ハガネール,はがね,じめん,ジョウト
209,ブルー,フェアリー,0,ジョウト
210,グランブル,フェアリー,0,ジョウト
211,ハリーセン,みず,どく,ジョウト
212,ハッサム,むし,はがね,ジョウト
213,ツボツボ,むし,いわ,ジョウト
214,ヘラクロス,むし,かくとう,ジョウト
215,ニューラ,あく,こおり,ジョウト
216,ヒメグマ,ノーマル,0,ジョウト
217,リングマ,ノーマル,0,ジョウト
218,マグマッグ,ほのお,0,ジョウト
219,マグカルゴ,ほのお,いわ,ジョウト
220,ウリムー,こおり,じめん,ジョウト
221,イノムー,こおり,じめん,ジョウト
222,サニーゴ,みず,いわ,ジョウト
223,テッポウオ,みず,0,ジョウト
224,オクタン,みず,0,ジョウト
225,デリバード,こおり,ひこう,ジョウト
226,マンタイン,みず,ひこう,ジョウト
227,エアームド,はがね,ひこう,ジョウト
228,デルビル,あく,ほのお,ジョウト
229,ヘルガー,あく,ほのお,ジョウト
230,キングドラ,みず,ドラゴン,ジョウト
231,ゴマゾウ,じめん,0,ジョウト
232,ドンファン,じめん,0,ジョウト
233,ポリゴン2,ノーマル,0,ジョウト
234,オドシシ,ノーマル,0,ジョウト
235,ドーブル,ノーマル,0,ジョウト
236,バルキー,かくとう,0,ジョウト
237,カポエラー,かくとう,0,ジョウト
238,ムチュール,こおり,エスパー,ジョウト
239,エレキッド,でんき,0,ジョウト
240,ブビィ,ほのお,0,ジョウト
241,ミルタンク,ノーマル,0,ジョウト
242,ハピナス,ノーマル,0,ジョウト
243,ライコウ,でんき,0,ジョウト
244,エンテイ,ほのお,0,ジョウト
245,スイクン,みず,0,ジョウト
246,ヨーギラス,いわ,じめん,ジョウト
247,サナギラス,いわ,じめん,ジョウト
248,バンギラス,いわ,あく,ジョウト
249,ルギア,エスパー,ひこう,ジョウト
250,ホウオウ,ほのお,ひこう,ジョウト
251,セレビィ,エスパー,くさ,ジョウト
252,キモリ,くさ,0,ホウエン
253,ジュプトル,くさ,0,ホウエン
254,ジュカイン,くさ,0,ホウエン
255,アチャモ,ほのお,0,ホウエン
256,ワカシャモ,ほのお,かくとう,ホウエン
257,バシャーモ,ほのお,かくとう,ホウエン
258,ミズゴロウ,みず,0,ホウエン
259,ヌマクロー,みず,じめん,ホウエン
260,ラグラージ,みず,じめん,ホウエン
261,ポチエナ,あく,0,ホウエン
262,グラエナ,あく,0,ホウエン
263,ジグザグマ,ノーマル,0,ホウエン
264,マッスグマ,ノーマル,0,ホウエン
265,ケムッソ,むし,0,ホウエン
266,カラサリス,むし,0,ホウエン
267,アゲハント,むし,ひこう,ホウエン
268,マユルド,むし,0,ホウエン
269,ドクケイル,むし,どく,ホウエン
270,ハスボー,みず,くさ,ホウエン
271,ハスブレロ,みず,くさ,ホウエン
272,ルンパッパ,みず,くさ,ホウエン
273,タネボー,くさ,0,ホウエン
274,コノハナ,くさ,あく,ホウエン
275,ダーテング,くさ,あく,ホウエン
276,スバメ,ノーマル,ひこう,ホウエン
277,オオスバメ,ノーマル,ひこう,ホウエン
278,キャモメ,みず,ひこう,ホウエン
279,ペリッパー,みず,ひこう,ホウエン
280,ラルトス,エスパー,フェアリー,ホウエン
281,キルリア,エスパー,フェアリー,ホウエン
282,サーナイト,エスパー,フェアリー,ホウエン
283,アメタマ,むし,みず,ホウエン
284,アメモース,むし,ひこう,ホウエン
285,キノココ,くさ,0,ホウエン
286,キノガッサ,くさ,かくとう,ホウエン
287,ナマケロ,ノーマル,0,ホウエン
288,ヤルキモノ,ノーマル,0,ホウエン
289,ケッキング,ノーマル,0,ホウエン
290,ツチニン,むし,じめん,ホウエン
291,テッカニン,むし,ひこう,ホウエン
292,ヌケニン,むし,ゴースト,ホウエン
293,ゴニョニョ,ノーマル,0,ホウエン
294,ドゴーム,ノーマル,0,ホウエン
295,バクオング,ノーマル,0,ホウエン
296,マクノシタ,かくとう,0,ホウエン
297,ハリテヤマ,かくとう,0,ホウエン
298,ルリリ,ノーマル,フェアリー,ホウエン
299,ノズパス,いわ,0,ホウエン
300,エネコ,ノーマル,0,ホウエン
301,エネコロロ,ノーマル,0,ホウエン
302,ヤミラミ,あく,ゴースト,ホウエン
303,クチート,はがね,フェアリー,ホウエン
304,ココドラ,はがね,いわ,ホウエン
305,コドラ,はがね,いわ,ホウエン
306,ボスゴドラ,はがね,いわ,ホウエン
307,アサナン,かくとう,エスパー,ホウエン
308,チャーレム,かくとう,エスパー,ホウエン
309,ラクライ,でんき,0,ホウエン
310,ライボルト,でんき,0,ホウエン
311,プラスル,でんき,0,ホウエン
312,マイナン,でんき,0,ホウエン
313,バルビート,むし,0,ホウエン
314,イルミーゼ,むし,0,ホウエン
315,ロゼリア,くさ,どく,ホウエン
316,ゴクリン,どく,0,ホウエン
317,マルノーム,どく,0,ホウエン
318,キバニア,みず,あく,ホウエン
319,サメハダー,みず,あく,ホウエン
320,ホエルコ,みず,0,ホウエン
321,ホエルオー,みず,0,ホウエン
322,ドンメル,ほのお,じめん,ホウエン
323,バクーダ,ほのお,じめん,ホウエン
324,コータス,ほのお,0,ホウエン
325,バネブー,エスパー,0,ホウエン
326,ブーピッグ,エスパー,0,ホウエン
327,パッチール,ノーマル,0,ホウエン
328,ナックラー,じめん,0,ホウエン
329,ビブラーバ,じめん,ドラゴン,ホウエン
330,フライゴン,じめん,ドラゴン,ホウエン
331,サボネア,くさ,0,ホウエン
332,ノクタス,くさ,あく,ホウエン
333,チルット,ノーマル,ひこう,ホウエン
334,チルタリス,ドラゴン,ひこう,ホウエン
335,ザングース,ノーマル,0,ホウエン
336,ハブネーク,どく,0,ホウエン
337,ルナトーン,いわ,エスパー,ホウエン
338,ソルロック,いわ,エスパー,ホウエン
339,ドジョッチ,みず,じめん,ホウエン
340,ナマズン,みず,じめん,ホウエン
341,ヘイガニ,みず,0,ホウエン
342,シザリガー,みず,あく,ホウエン
343,ヤジロン,じめん,エスパー,ホウエン
344,ネンドール,じめん,エスパー,ホウエン
345,リリーラ,いわ,くさ,ホウエン
346,ユレイドル,いわ,くさ,ホウエン
347,アノプス,いわ,むし,ホウエン
348,アーマルド,いわ,むし,ホウエン
349,ヒンバス,みず,0,ホウエン
350,ミロカロス,みず,0,ホウエン
351,ポワルン,ノーマル,0,ホウエン
352,カクレオン,ノーマル,0,ホウエン
353,カゲボウズ,ゴースト,0,ホウエン
354,ジュペッタ,ゴースト,0,ホウエン
355,ヨマワル,ゴースト,0,ホウエン
356,サマヨール,ゴースト,0,ホウエン
357,トロピウス,くさ,ひこう,ホウエン
358,チリーン,エスパー,0,ホウエン
359,アブソル,あく,0,ホウエン
360,ソーナノ,エスパー,0,ホウエン
361,ユキワラシ,こおり,0,ホウエン
362,オニゴーリ,こおり,0,ホウエン
363,タマザラシ,こおり,みず,ホウエン
364,トドグラー,こおり,みず,ホウエン
365,トドゼルガ,こおり,みず,ホウエン
366,パールル,みず,0,ホウエン
367,ハンテール,みず,0,ホウエン
368,サクラビス,みず,0,ホウエン
369,ジーランス,みず,いわ,ホウエン
370,ラブカス,みず,0,ホウエン
371,タツベイ,ドラゴン,0,ホウエン
372,コモルー,ドラゴン,0,ホウエン
373,ボーマンダ,ドラゴン,ひこう,ホウエン
374,ダンバル,はがね,エスパー,ホウエン
375,メタング,はがね,エスパー,ホウエン
376,メタグロス,はがね,エスパー,ホウエン
377,レジロック,いわ,0,ホウエン
378,レジアイス,こおり,0,ホウエン
379,レジスチル,はがね,0,ホウエン
380,ラティアス,ドラゴン,エスパー,ホウエン
381,ラティオス,ドラゴン,エスパー,ホウエン
382,カイオーガ,みず,0,ホウエン
383,グラードン,じめん,0,ホウエン
384,レックウザ,ドラゴン,ひこう,ホウエン
385,ジラーチ,はがね,エスパー,ホウエン
386,デオキシス,エスパー,0,ホウエン
387,ナエトル,くさ,0,シンオウ
388,ハヤシガメ,くさ,0,シンオウ
389,ドダイトス,くさ,じめん,シンオウ
390,ヒコザル,ほのお,0,シンオウ
391,モウカザル,ほのお,かくとう,シンオウ
392,ゴウカザル,ほのお,かくとう,シンオウ
393,ポッチャマ,みず,0,シンオウ
394,ポッタイシ,みず,0,シンオウ
395,エンペルト,みず,はがね,シンオウ
396,ムックル,ノーマル,ひこう,シンオウ
397,ムクバード,ノーマル,ひこう,シンオウ
398,ムクホーク,ノーマル,ひこう,シンオウ
399,ビッパ,ノーマル,0,シンオウ
400,ビーダル,ノーマル,みず,シンオウ
401,コロボーシ,むし,0,シンオウ
402,コロトック,むし,0,シンオウ
403,コリンク,でんき,0,シンオウ
404,ルクシオ,でんき,0,シンオウ
405,レントラー,でんき,0,シンオウ
406,スボミー,くさ,どく,シンオウ
407,ロズレイド,くさ,どく,シンオウ
408,ズガイドス,いわ,0,シンオウ
409,ラムパルド,いわ,0,シンオウ
410,タテトプス,いわ,はがね,シンオウ
411,トリデプス,いわ,はがね,シンオウ
412,ミノムッチ,むし,0,シンオウ
413,"ミノマダム
 (くさきのミノ)",むし,くさ,シンオウ
414,ガーメイル,むし,ひこう,シンオウ
415,ミツハニー,むし,ひこう,シンオウ
416,ビークイン,むし,ひこう,シンオウ
417,パチリス,でんき,0,シンオウ
418,ブイゼル,みず,0,シンオウ
419,フローゼル,みず,0,シンオウ
420,チェリンボ,くさ,0,シンオウ
421,チェリム,くさ,0,シンオウ
422,カラナクシ,みず,0,シンオウ
423,トリトドン,みず,じめん,シンオウ
424,エテボース,ノーマル,0,シンオウ
425,フワンテ,ゴースト,ひこう,シンオウ
426,フワライド,ゴースト,ひこう,シンオウ
427,ミミロル,ノーマル,0,シンオウ
428,ミミロップ,ノーマル,0,シンオウ
429,ムウマージ,ゴースト,0,シンオウ
430,ドンカラス,あく,ひこう,シンオウ
431,ニャルマー,ノーマル,0,シンオウ
432,ブニャット,ノーマル,0,シンオウ
433,リーシャン,エスパー,0,シンオウ
434,スカンプー,どく,あく,シンオウ
435,スカタンク,どく,あく,シンオウ
436,ドーミラー,はがね,エスパー,シンオウ
437,ドータクン,はがね,エスパー,シンオウ
438,ウソハチ,いわ,0,シンオウ
439,マネネ,エスパー,フェアリー,シンオウ
440,ピンプク,ノーマル,0,シンオウ
441,ペラップ,ノーマル,ひこう,シンオウ
442,ミカルゲ,ゴースト,あく,シンオウ
443,フカマル,ドラゴン,じめん,シンオウ
444,ガバイト,ドラゴン,じめん,シンオウ
445,ガブリアス,ドラゴン,じめん,シンオウ
446,ゴンベ,ノーマル,0,シンオウ
447,リオル,かくとう,0,シンオウ
448,ルカリオ,かくとう,はがね,シンオウ
449,ヒポポタス,じめん,0,シンオウ
450,カバルドン,じめん,0,シンオウ
451,スコルピ,どく,むし,シンオウ
452,ドラピオン,どく,あく,シンオウ
453,グレッグル,どく,かくとう,シンオウ
454,ドクロッグ,どく,かくとう,シンオウ
455,マスキッパ,くさ,0,シンオウ
456,ケイコウオ,みず,0,シンオウ
457,ネオラント,みず,0,シンオウ
458,タマンタ,みず,ひこう,シンオウ
459,ユキカブリ,くさ,こおり,シンオウ
460,ユキノオー,くさ,こおり,シンオウ
461,マニューラ,あく,こおり,シンオウ
462,ジバコイル,でんき,はがね,シンオウ
463,ベロベルト,ノーマル,0,シンオウ
464,ドサイドン,じめん,いわ,シンオウ
465,モジャンボ,くさ,0,シンオウ
466,エレキブル,でんき,0,シンオウ
467,ブーバーン,ほのお,0,シンオウ
468,トゲキッス,フェアリー,ひこう,シンオウ
469,メガヤンマ,むし,ひこう,シンオウ
470,リーフィア,くさ,0,シンオウ
471,グレイシア,こおり,0,シンオウ
472,グライオン,じめん,ひこう,シンオウ
473,マンムー,こおり,じめん,シンオウ
474,ポリゴンZ,ノーマル,0,シンオウ
475,エルレイド,エスパー,かくとう,シンオウ
476,ダイノーズ,いわ,はがね,シンオウ
477,ヨノワール,ゴースト,0,シンオウ
478,ユキメノコ,こおり,ゴースト,シンオウ
479,ロトム,でんき,ゴースト,シンオウ
480,ユクシー,エスパー,0,シンオウ
481,エムリット,エスパー,0,シンオウ
482,アグノム,エスパー,0,シンオウ
483,ディアルガ,はがね,ドラゴン,シンオウ
484,パルキア,みず,ドラゴン,シンオウ
485,ヒードラン,ほのお,はがね,シンオウ
486,レジギガス,ノーマル,0,シンオウ
487,ギラティナ,ゴースト,ドラゴン,シンオウ
488,クレセリア,エスパー,0,シンオウ
489,フィオネ,みず,0,シンオウ
490,マナフィ,みず,0,シンオウ
491,ダークライ,あく,0,シンオウ
492,"シェイミ
 (ランドフォルム)",くさ,0,シンオウ
493,アルセウス,ノーマル,0,シンオウ
494,ビクティニ,エスパー,ほのお,イッシュ
495,ツタージャ,くさ,0,イッシュ
496,ジャノビー,くさ,0,イッシュ
497,ジャローダ,くさ,0,イッシュ
498,ポカブ,ほのお,0,イッシュ
499,チャオブー,ほのお,かくとう,イッシュ
500,エンブオー,ほのお,かくとう,イッシュ
501,ミジュマル,みず,0,イッシュ
502,フタチマル,みず,0,イッシュ
503,ダイケンキ,みず,0,イッシュ
504,ミネズミ,ノーマル,0,イッシュ
505,ミルホッグ,ノーマル,0,イッシュ
506,ヨーテリー,ノーマル,0,イッシュ
507,ハーデリア,ノーマル,0,イッシュ
508,ムーランド,ノーマル,0,イッシュ
509,チョロネコ,あく,0,イッシュ
510,レパルダス,あく,0,イッシュ
511,ヤナップ,くさ,0,イッシュ
512,ヤナッキー,くさ,0,イッシュ
513,バオップ,ほのお,0,イッシュ
514,バオッキー,ほのお,0,イッシュ
515,ヒヤップ,みず,0,イッシュ
516,ヒヤッキー,みず,0,イッシュ
517,ムンナ,エスパー,0,イッシュ
518,ムシャーナ,エスパー,0,イッシュ
519,マメパト,ノーマル,ひこう,イッシュ
520,ハトーボー,ノーマル,ひこう,イッシュ
521,ケンホロウ,ノーマル,ひこう,イッシュ
522,シママ,でんき,0,イッシュ
523,ゼブライカ,でんき,0,イッシュ
524,ダンゴロ,いわ,0,イッシュ
525,ガントル,いわ,0,イッシュ
526,ギガイアス,いわ,0,イッシュ
527,コロモリ,エスパー,ひこう,イッシュ
528,ココロモリ,エスパー,ひこう,イッシュ
529,モグリュー,じめん,0,イッシュ
530,ドリュウズ,じめん,はがね,イッシュ
531,タブンネ,ノーマル,0,イッシュ
532,ドッコラー,かくとう,0,イッシュ
533,ドテッコツ,かくとう,0,イッシュ
534,ローブシン,かくとう,0,イッシュ
535,オタマロ,みず,0,イッシュ
536,ガマガル,みず,じめん,イッシュ
537,ガマゲロゲ,みず,じめん,イッシュ
538,ナゲキ,かくとう,0,イッシュ
539,ダゲキ,かくとう,0,イッシュ
540,クルミル,むし,くさ,イッシュ
541,クルマユ,むし,くさ,イッシュ
542,ハハコモリ,むし,くさ,イッシュ
543,フシデ,むし,どく,イッシュ
544,ホイーガ,むし,どく,イッシュ
545,ペンドラー,むし,どく,イッシュ
546,モンメン,くさ,フェアリー,イッシュ
547,エルフーン,くさ,フェアリー,イッシュ
548,チュリネ,くさ,0,イッシュ
549,ドレディア,くさ,0,イッシュ
550,バスラオ,みず,0,イッシュ
551,メグロコ,じめん,あく,イッシュ
552,ワルビル,じめん,あく,イッシュ
553,ワルビアル,じめん,あく,イッシュ
554,ダルマッカ,ほのお,0,イッシュ
555,ヒヒダルマ,ほのお,0,イッシュ
556,マラカッチ,くさ,0,イッシュ
557,イシズマイ,むし,いわ,イッシュ
558,イワパレス,むし,いわ,イッシュ
559,ズルッグ,あく,かくとう,イッシュ
560,ズルズキン,あく,かくとう,イッシュ
561,シンボラー,エスパー,ひこう,イッシュ
562,デスマス,ゴースト,0,イッシュ
563,デスカーン,ゴースト,0,イッシュ
564,プロトーガ,みず,いわ,イッシュ
565,アバゴーラ,みず,いわ,イッシュ
566,アーケン,いわ,ひこう,イッシュ
567,アーケオス,いわ,ひこう,イッシュ
568,ヤブクロン,どく,0,イッシュ
569,ダストダス,どく,0,イッシュ
570,ゾロア,あく,0,イッシュ
571,ゾロアーク,あく,0,イッシュ
572,チラーミィ,ノーマル,0,イッシュ
573,チラチーノ,ノーマル,0,イッシュ
574,ゴチム,エスパー,0,イッシュ
575,ゴチミル,エスパー,0,イッシュ
576,ゴチルゼル,エスパー,0,イッシュ
577,ユニラン,エスパー,0,イッシュ
578,ダブラン,エスパー,0,イッシュ
579,ランクルス,エスパー,0,イッシュ
580,コアルヒー,みず,ひこう,イッシュ
581,スワンナ,みず,ひこう,イッシュ
582,バニプッチ,こおり,0,イッシュ
583,バニリッチ,こおり,0,イッシュ
584,バイバニラ,こおり,0,イッシュ
585,シキジカ,ノーマル,くさ,イッシュ
586,メブキジカ,ノーマル,くさ,イッシュ
587,エモンガ,でんき,ひこう,イッシュ
588,カブルモ,むし,0,イッシュ
589,シュバルゴ,むし,はがね,イッシュ
590,タマゲタケ,くさ,どく,イッシュ
591,モロバレル,くさ,どく,イッシュ
592,プルリル,みず,ゴースト,イッシュ
593,ブルンゲル,みず,ゴースト,イッシュ
594,ママンボウ,みず,0,イッシュ
595,バチュル,むし,でんき,イッシュ
596,デンチュラ,むし,でんき,イッシュ
597,テッシード,くさ,はがね,イッシュ
598,ナットレイ,くさ,はがね,イッシュ
599,ギアル,はがね,0,イッシュ
600,ギギアル,はがね,0,イッシュ
601,ギギギアル,はがね,0,イッシュ
602,シビシラス,でんき,0,イッシュ
603,シビビール,でんき,0,イッシュ
604,シビルドン,でんき,0,イッシュ
605,リグレー,エスパー,0,イッシュ
606,オーベム,エスパー,0,イッシュ
607,ヒトモシ,ゴースト,ほのお,イッシュ
608,ランプラー,ゴースト,ほのお,イッシュ
609,シャンデラ,ゴースト,ほのお,イッシュ
610,キバゴ,ドラゴン,0,イッシュ
611,オノンド,ドラゴン,0,イッシュ
612,オノノクス,ドラゴン,0,イッシュ
613,クマシュン,こおり,0,イッシュ
614,ツンベアー,こおり,0,イッシュ
615,フリージオ,こおり,0,イッシュ
616,チョボマキ,むし,0,イッシュ
617,アギルダー,むし,0,イッシュ
618,マッギョ,じめん,でんき,イッシュ
619,コジョフー,かくとう,0,イッシュ
620,コジョンド,かくとう,0,イッシュ
621,クリムガン,ドラゴン,0,イッシュ
622,ゴビット,じめん,ゴースト,イッシュ
623,ゴルーグ,じめん,ゴースト,イッシュ
624,コマタナ,あく,はがね,イッシュ
625,キリキザン,あく,はがね,イッシュ
626,バッフロン,ノーマル,0,イッシュ
627,ワシボン,ノーマル,ひこう,イッシュ
628,ウォーグル,ノーマル,ひこう,イッシュ
629,バルチャイ,あく,ひこう,イッシュ
630,バルジーナ,あく,ひこう,イッシュ
631,クイタラン,ほのお,0,イッシュ
632,アイアント,むし,はがね,イッシュ
633,モノズ,あく,ドラゴン,イッシュ
634,ジヘッド,あく,ドラゴン,イッシュ
635,サザンドラ,あく,ドラゴン,イッシュ
636,メラルバ,むし,ほのお,イッシュ
637,ウルガモス,むし,ほのお,イッシュ
638,コバルオン,はがね,かくとう,イッシュ
639,テラキオン,いわ,かくとう,イッシュ
640,ビリジオン,くさ,かくとう,イッシュ
641,トルネロス,ひこう,0,イッシュ
642,ボルトロス,でんき,ひこう,イッシュ
643,レシラム,ドラゴン,ほのお,イッシュ
644,ゼクロム,ドラゴン,でんき,イッシュ
645,ランドロス,じめん,ひこう,イッシュ
646,キュレム,ドラゴン,こおり,イッシュ
647,ケルディオ,みず,かくとう,イッシュ
648,"メロエッタ
 (ボイスフォルム)",ノーマル,エスパー,イッシュ
649,ゲノセクト,むし,はがね,イッシュ
650,ハリマロン,くさ,0,カロス
651,ハリボーグ,くさ,0,カロス
652,ブリガロン,くさ,かくとう,カロス
653,フォッコ,ほのお,0,カロス
654,テールナー,ほのお,0,カロス
655,マフォクシー,ほのお,エスパー,カロス
656,ケロマツ,みず,0,カロス
657,ゲコガシラ,みず,0,カロス
658,ゲッコウガ,みず,あく,カロス
659,ホルビー,ノーマル,0,カロス
660,ホルード,ノーマル,じめん,カロス
661,ヤヤコマ,ノーマル,ひこう,カロス
662,ヒノヤコマ,ほのお,ひこう,カロス
663,ファイアロー,ほのお,ひこう,カロス
664,コフキムシ,むし,0,カロス
665,コフーライ,むし,0,カロス
666,ビビヨン,むし,ひこう,カロス
667,シシコ,ほのお,ノーマル,カロス
668,カエンジシ,ほのお,ノーマル,カロス
669,フラベベ,フェアリー,0,カロス
670,フラエッテ,フェアリー,0,カロス
671,フラージェス,フェアリー,0,カロス
672,メェークル,くさ,0,カロス
673,ゴーゴート,くさ,0,カロス
674,ヤンチャム,かくとう,0,カロス
675,ゴロンダ,かくとう,あく,カロス
676,トリミアン,ノーマル,0,カロス
677,ニャスパー,エスパー,0,カロス
678,ニャオニクス,エスパー,0,カロス
679,ヒトツキ,はがね,ゴースト,カロス
680,ニダンギル,はがね,ゴースト,カロス
681,ギルガルド,はがね,ゴースト,カロス
682,シュシュプ,フェアリー,0,カロス
683,フレフワン,フェアリー,0,カロス
684,ペロッパフ,フェアリー,0,カロス
685,ペロリーム,フェアリー,0,カロス
686,マーイーカ,あく,エスパー,カロス
687,カラマネロ,あく,エスパー,カロス
688,カメテテ,いわ,みず,カロス
689,ガメノデス,いわ,みず,カロス
690,クズモー,どく,みず,カロス
691,ドラミドロ,どく,ドラゴン,カロス
692,ウデッポウ,みず,0,カロス
693,ブロスター,みず,0,カロス
694,エリキテル,でんき,ノーマル,カロス
695,エレザード,でんき,ノーマル,カロス
696,チゴラス,いわ,ドラゴン,カロス
697,ガチゴラス,いわ,ドラゴン,カロス
698,アマルス,いわ,こおり,カロス
699,アマルルガ,いわ,こおり,カロス
700,ニンフィア,フェアリー,0,カロス
701,ルチャブル,かくとう,ひこう,カロス
702,デデンネ,でんき,フェアリー,カロス
703,メレシー,いわ,フェアリー,カロス
704,ヌメラ,ドラゴン,0,カロス
705,ヌメイル,ドラゴン,0,カロス
706,ヌメルゴン,ドラゴン,0,カロス
707,クレッフィ,はがね,フェアリー,カロス
708,ボクレー,ゴースト,くさ,カロス
709,オーロット,ゴースト,くさ,カロス
710,バケッチャ,ゴースト,くさ,カロス
711,パンプジン,ゴースト,くさ,カロス
712,カチコール,こおり,0,カロス
713,クレベース,こおり,0,カロス
714,オンバット,ひこう,ドラゴン,カロス
715,オンバーン,ひこう,ドラゴン,カロス
716,ゼルネアス,フェアリー,0,カロス
717,イベルタル,あく,ひこう,カロス
718,ジガルデ,ドラゴン,じめん,カロス
719,ディアンシー,いわ,フェアリー,カロス
720,"フーパ
 (いましめられしフーパ)",エスパー,ゴースト,カロス
721,ボルケニオン,ほのお,みず,カロス
722,モクロー,くさ,ひこう,アローラ
723,フクスロー,くさ,ひこう,アローラ
724,ジュナイパー,くさ,ゴースト,アローラ
725,ニャビー,ほのお,0,アローラ
726,ニャヒート,ほのお,0,アローラ
727,ガオガエン,ほのお,あく,アローラ
728,アシマリ,みず,0,アローラ
729,オシャマリ,みず,0,アローラ
730,アシレーヌ,みず,フェアリー,アローラ
731,ツツケラ,ノーマル,ひこう,アローラ
732,ケララッパ,ノーマル,ひこう,アローラ
733,ドデカバシ,ノーマル,ひこう,アローラ
734,ヤングース,ノーマル,0,アローラ
735,デカグース,ノーマル,0,アローラ
736,アゴジムシ,むし,0,アローラ
737,デンヂムシ,むし,でんき,アローラ
738,クワガノン,むし,でんき,アローラ
739,マケンカニ,かくとう,0,アローラ
740,ケケンカニ,かくとう,こおり,アローラ
741,"オドリドリ
 (めらめらスタイル)",ほのお,ひこう,アローラ
742,アブリー,むし,フェアリー,アローラ
743,アブリボン,むし,フェアリー,アローラ
744,イワンコ,いわ,0,アローラ
745,ルガルガン,いわ,0,アローラ
746,ヨワシ,みず,0,アローラ
747,ヒドイデ,どく,みず,アローラ
748,ドヒドイデ,どく,みず,アローラ
749,ドロバンコ,じめん,0,アローラ
750,バンバドロ,じめん,0,アローラ
751,シズクモ,みず,むし,アローラ
752,オニシズクモ,みず,むし,アローラ
753,カリキリ,くさ,0,アローラ
754,ラランテス,くさ,0,アローラ
755,ネマシュ,くさ,フェアリー,アローラ
756,マシェード,くさ,フェアリー,アローラ
757,ヤトウモリ,どく,ほのお,アローラ
758,エンニュート,どく,ほのお,アローラ
759,ヌイコグマ,ノーマル,かくとう,アローラ
760,キテルグマ,ノーマル,かくとう,アローラ
761,アマカジ,くさ,0,アローラ
762,アママイコ,くさ,0,アローラ
763,アマージョ,くさ,0,アローラ
764,キュワワー,フェアリー,0,アローラ
765,ヤレユータン,ノーマル,エスパー,アローラ
766,ナゲツケサル,かくとう,0,アローラ
767,コソクムシ,むし,みず,アローラ
768,グソクムシャ,むし,みず,アローラ
769,スナバァ,ゴースト,じめん,アローラ
770,シロデスナ,ゴースト,じめん,アローラ
771,ナマコブシ,みず,0,アローラ
772,タイプ:ヌル,ノーマル,0,アローラ
773,シルヴァディ,ノーマル,0,アローラ
774,メテノ,いわ,ひこう,アローラ
775,ネッコアラ,ノーマル,0,アローラ
776,バクガメス,ほのお,ドラゴン,アローラ
777,トゲデマル,でんき,はがね,アローラ
778,ミミッキュ,ゴースト,フェアリー,アローラ
779,ハギギシリ,みず,エスパー,アローラ
780,ジジーロン,ノーマル,ドラゴン,アローラ
781,ダダリン,ゴースト,くさ,アローラ
782,ジャラコ,ドラゴン,0,アローラ
783,ジャランゴ,ドラゴン,かくとう,アローラ
784,ジャラランガ,ドラゴン,かくとう,アローラ
785,カプ・コケコ,でんき,フェアリー,アローラ
786,カプ・テテフ,エスパー,フェアリー,アローラ
787,カプ・ブルル,くさ,フェアリー,アローラ
788,カプ・レヒレ,みず,フェアリー,アローラ
789,コスモッグ,エスパー,0,アローラ
790,コスモウム,エスパー,0,アローラ
791,ソルガレオ,エスパー,はがね,アローラ
792,ルナアーラ,エスパー,ゴースト,アローラ
793,ウツロイド,いわ,どく,アローラ
794,マッシブーン,むし,かくとう,アローラ
795,フェローチェ,むし,かくとう,アローラ
796,デンジュモク,でんき,0,アローラ
797,テッカグヤ,はがね,ひこう,アローラ
798,カミツルギ,くさ,はがね,アローラ
799,アクジキング,あく,ドラゴン,アローラ
800,ネクロズマ,エスパー,0,アローラ
801,マギアナ,はがね,フェアリー,アローラ
802,マーシャドー,かくとう,ゴースト,アローラ
803,ベベノム,どく,0,アローラ
804,アーゴヨン,どく,ドラゴン,アローラ
805,ツンデツンデ,いわ,はがね,アローラ
806,ズガドーン,ほのお,ゴースト,アローラ
807,ゼラオラ,でんき,0,アローラ
808,メルタン,はがね,0,ガラル
809,メルメタル,はがね,0,ガラル
810,サルノリ,くさ,0,ガラル
811,バチンキー,くさ,0,ガラル
812,ゴリランダー,くさ,0,ガラル
813,ヒバニー,ほのお,0,ガラル
814,ラビフット,ほのお,0,ガラル
815,エースバーン,ほのお,0,ガラル
816,メッソン,みず,0,ガラル
817,ジメレオン,みず,0,ガラル
818,インテレオン,みず,0,ガラル
819,ホシガリス,ノーマル,0,ガラル
820,ヨクバリス,ノーマル,0,ガラル
821,ココガラ,ひこう,0,ガラル
822,アオガラス,ひこう,0,ガラル
823,アーマーガア,ひこう,はがね,ガラル
824,サッチムシ,むし,0,ガラル
825,レドームシ,むし,エスパー,ガラル
826,イオルブ,むし,エスパー,ガラル
827,クスネ,あく,0,ガラル
828,フォクスライ,あく,0,ガラル
829,ヒメンカ,くさ,0,ガラル
830,ワタシラガ,くさ,0,ガラル
831,ウールー,ノーマル,0,ガラル
832,バイウールー,ノーマル,0,ガラル
833,カムカメ,みず,0,ガラル
834,カジリガメ,みず,いわ,ガラル
835,ワンパチ,でんき,0,ガラル
836,パルスワン,でんき,0,ガラル
837,タンドン,いわ,0,ガラル
838,トロッゴン,いわ,ほのお,ガラル
839,セキタンザン,いわ,ほのお,ガラル
840,カジッチュ,くさ,ドラゴン,ガラル
841,アップリュー,くさ,ドラゴン,ガラル
842,タルップル,くさ,ドラゴン,ガラル
843,スナヘビ,じめん,0,ガラル
844,サダイジャ,じめん,0,ガラル
845,ウッウ,ひこう,みず,ガラル
846,サシカマス,みず,0,ガラル
847,カマスジョー,みず,0,ガラル
848,エレズン,でんき,どく,ガラル
849,ストリンダー,でんき,どく,ガラル
850,ヤクデ,ほのお,むし,ガラル
851,マルヤクデ,ほのお,むし,ガラル
852,タタッコ,かくとう,0,ガラル
853,オトスパス,かくとう,0,ガラル
854,ヤバチャ,ゴースト,0,ガラル
855,ポットデス,ゴースト,0,ガラル
856,ミブリム,エスパー,0,ガラル
857,テブリム,エスパー,0,ガラル
858,ブリムオン,エスパー,フェアリー,ガラル
859,ベロバー,あく,フェアリー,ガラル
860,ギモー,あく,フェアリー,ガラル
861,オーロンゲ,あく,フェアリー,ガラル
862,タチフサグマ,あく,ノーマル,ガラル
863,ニャイキング,はがね,0,ガラル
864,サニゴーン,ゴースト,0,ガラル
865,ネギガナイト,かくとう,0,ガラル
866,バリコオル,こおり,エスパー,ガラル
867,デスバーン,じめん,ゴースト,ガラル
868,マホミル,フェアリー,0,ガラル
869,マホイップ,フェアリー,0,ガラル
870,タイレーツ,かくとう,0,ガラル
871,バチンウニ,でんき,0,ガラル
872,ユキハミ,こおり,むし,ガラル
873,モスノウ,こおり,むし,ガラル
874,イシヘンジン,いわ,0,ガラル
875,コオリッポ,こおり,0,ガラル
876,イエッサン,エスパー,ノーマル,ガラル
877,モルペコ,でんき,あく,ガラル
878,ゾウドウ,はがね,0,ガラル
879,ダイオウドウ,はがね,0,ガラル
880,パッチラゴン,でんき,ドラゴン,ガラル
881,パッチルドン,でんき,こおり,ガラル
882,ウオノラゴン,みず,ドラゴン,ガラル
883,ウオチルドン,みず,こおり,ガラル
884,ジュラルドン,はがね,ドラゴン,ガラル
885,ドラメシヤ,ドラゴン,ゴースト,ガラル
886,ドロンチ,ドラゴン,ゴースト,ガラル
887,ドラパルト,ドラゴン,ゴースト,ガラル
888,"ザシアン
 (れきせんのゆうしゃ)",フェアリー,0,ガラル
889,"ザマゼンタ
 (れきせんのゆうしゃ)",かくとう,0,ガラル
890,ムゲンダイナ,どく,ドラゴン,ガラル
891,ダクマ,かくとう,0,ガラル
892,"ウーラオス
 (いちげきのかた)",かくとう,あく,ガラル
893,ザルード,あく,くさ,ガラル
894,レジエレキ,でんき,0,ガラル
895,レジドラゴ,ドラゴン,0,ガラル
896,ブリザポス,こおり,0,ガラル
897,レイスポス,ゴースト,0,ガラル
898,バドレックス,エスパー,くさ,ガラル
899,アヤシシ,ノーマル,エスパー,ヒスイ
900,バサギリ,むし,いわ,ヒスイ
901,ガチグマ,じめん,ノーマル,ヒスイ
902,イダイトウ,みず,ゴースト,ヒスイ
903,オオニューラ,かくとう,どく,ヒスイ
904,ハリーマン,あく,どく,ヒスイ
905,ラブトロス,フェアリー,ひこう,ヒスイ
906,ニャオハ,くさ,0,パルデア
907,ニャローテ,くさ,0,パルデア
908,マスカーニャ,くさ,あく,パルデア
909,ホゲータ,ほのお,0,パルデア
910,アチゲータ,ほのお,0,パルデア
911,ラウドボーン,ほのお,ゴースト,パルデア
912,クワッス,みず,0,パルデア
913,ウェルカモ,みず,0,パルデア
914,ウェーニバル,みず,かくとう,パルデア
915,グルトン,ノーマル,0,パルデア
916,パフュートン,ノーマル,0,パルデア
917,タマンチュラ,むし,0,パルデア
918,ワナイダー,むし,0,パルデア
919,マメバッタ,むし,0,パルデア
920,エクスレッグ,むし,あく,パルデア
921,パモ,でんき,0,パルデア
922,パモット,でんき,かくとう,パルデア
923,パーモット,でんき,かくとう,パルデア
924,ワッカネズミ,ノーマル,0,パルデア
925,イッカネズミ,ノーマル,0,パルデア
926,パピモッチ,フェアリー,0,パルデア
927,バウッツェル,フェアリー,0,パルデア
928,ミニーブ,くさ,ノーマル,パルデア
929,オリーニョ,くさ,ノーマル,パルデア
930,オリーヴァ,くさ,ノーマル,パルデア
931,イキリンコ,ノーマル,ひこう,パルデア
932,コジオ,いわ,0,パルデア
933,ジオヅム,いわ,0,パルデア
934,キョジオーン,いわ,0,パルデア
935,カルボウ,ほのお,0,パルデア
936,グレンアルマ,ほのお,エスパー,パルデア
937,ソウブレイズ,ほのお,ゴースト,パルデア
938,ズピカ,でんき,0,パルデア
939,ハラバリー,でんき,0,パルデア
940,カイデン,でんき,ひこう,パルデア
941,タイカイデン,でんき,ひこう,パルデア
942,オラチフ,あく,0,パルデア
943,マフィティフ,あく,0,パルデア
944,シルシュルー,どく,ノーマル,パルデア
945,タギングル,どく,ノーマル,パルデア
946,アノクサ,くさ,ゴースト,パルデア
947,アノホラグサ,くさ,ゴースト,パルデア
948,ノノクラゲ,じめん,くさ,パルデア
949,リククラゲ,じめん,くさ,パルデア
950,ガケガニ,いわ,0,パルデア
951,カプサイジ,くさ,0,パルデア
952,スコヴィラン,くさ,ほのお,パルデア
953,シガロコ,むし,0,パルデア
954,ベラカス,むし,エスパー,パルデア
955,ヒラヒナ,エスパー,0,パルデア
956,クエスパトラ,エスパー,0,パルデア
957,カヌチャン,フェアリー,はがね,パルデア
958,ナカヌチャン,フェアリー,はがね,パルデア
959,デカヌチャン,フェアリー,はがね,パルデア
960,ウミディグダ,みず,0,パルデア
961,ウミトリオ,みず,0,パルデア
962,オトシドリ,ひこう,あく,パルデア
963,ナミイルカ,みず,0,パルデア
964,イルカマン,みず,0,パルデア
965,ブロロン,はがね,どく,パルデア
966,ブロロローム,はがね,どく,パルデア
967,モトトカゲ,ドラゴン,ノーマル,パルデア
968,ミミズズ,はがね,0,パルデア
969,キラーメ,いわ,どく,パルデア
970,キラフロル,いわ,どく,パルデア
971,ボチ,ゴースト,0,パルデア
972,ハカドッグ,ゴースト,0,パルデア
973,カラミンゴ,ひこう,かくとう,パルデア
974,アルクジラ,こおり,0,パルデア
975,ハルクジラ,こおり,0,パルデア
976,ミガルーサ,みず,エスパー,パルデア
977,ヘイラッシャ,みず,0,パルデア
978,シャリタツ,ドラゴン,みず,パルデア
979,コノヨザル,かくとう,ゴースト,パルデア
980,ドオー,どく,じめん,パルデア
981,リキキリン,ノーマル,エスパー,パルデア
982,ノココッチ,ノーマル,0,パルデア
983,ドドゲザン,あく,はがね,パルデア
984,イダイナキバ,じめん,かくとう,パルデア
985,サケブシッポ,フェアリー,エスパー,パルデア
986,アラブルタケ,くさ,あく,パルデア
987,ハバタクカミ,ゴースト,フェアリー,パルデア
988,チヲハウハネ,むし,かくとう,パルデア
989,スナノケガワ,でんき,じめん,パルデア
990,テツノワダチ,じめん,はがね,パルデア
991,テツノツツミ,こおり,みず,パルデア
992,テツノカイナ,かくとう,でんき,パルデア
993,テツノコウベ,あく,ひこう,パルデア
994,テツノドクガ,ほのお,どく,パルデア
995,テツノイバラ,いわ,でんき,パルデア
996,セビエ,ドラゴン,こおり,パルデア
997,セゴール,ドラゴン,こおり,パルデア
998,セグレイブ,ドラゴン,こおり,パルデア
999,コレクレー,ゴースト,0,パルデア
1000,サーフゴー,はがね,ゴースト,パルデア
1001,チオンジェン,あく,くさ,パルデア
1002,パオジアン,あく,こおり,パルデア
1003,ディンルー,あく,じめん,パルデア
1004,イーユイ,あく,ほのお,パルデア
1005,トドロクツキ,ドラゴン,あく,パルデア
1006,テツノブジン,フェアリー,かくとう,パルデア
1007,コライドン,かくとう,ドラゴン,パルデア
1008,ミライドン,でんき,ドラゴン,パルデア
1009,ウネルミナモ,みず,ドラゴン,パルデア
1010,テツノイサハ,くさ,エスパー,パルデア